[
    {
        "id": 1,
        "title": "Как вывести сайт в топ за 6 месяцев: пошаговый план",
        "slug": "kak-vyvesti-sait-v-top-za-6-mesyatsev",
        "category": "SEO",
        "date": "2025-11-15",
        "excerpt": "Практическое руководство по SEO-продвижению сайта. Разбираем основные этапы: технический аудит, оптимизация контента, работа с ссылками и мониторинг результатов.",
        "content": "<h2>Введение<\/h2><p>Вывести сайт в топ поисковых систем за 6 месяцев — это реальная задача, если подойти к ней системно. В этой статье мы разберем пошаговый план действий, который поможет вам достичь высоких позиций в Яндекс и Google.<\/p><h2>Этап 1: Технический аудит (1-2 недели)<\/h2><p>Первым делом необходимо провести полный технический аудит сайта. Это включает:<\/p><ul><li>Проверку скорости загрузки страниц<\/li><li>Анализ структуры сайта и навигации<\/li><li>Проверку корректности работы на мобильных устройствах<\/li><li>Анализ мета-тегов и структурированных данных<\/li><li>Проверку наличия и корректности файлов robots.txt и sitemap.xml<\/li><\/ul><h2>Этап 2: Оптимизация контента (2-3 месяца)<\/h2><p>Контент — это основа SEO. Необходимо:<\/p><ul><li>Провести анализ ключевых слов для вашей ниши<\/li><li>Создать семантическое ядро<\/li><li>Оптимизировать существующие страницы под ключевые запросы<\/li><li>Создать новый качественный контент<\/li><li>Добавить внутреннюю перелинковку<\/li><\/ul><h2>Этап 3: Работа с ссылками (3-6 месяцев)<\/h2><p>Ссылочное продвижение — важная часть SEO. Начните с:<\/p><ul><li>Получения ссылок с качественных ресурсов<\/li><li>Работы с отраслевыми каталогами<\/li><li>Создания гостевых постов<\/li><li>Партнерских программ<\/li><\/ul><h2>Этап 4: Мониторинг и оптимизация (постоянно)<\/h2><p>Регулярно отслеживайте:<\/p><ul><li>Позиции сайта по ключевым запросам<\/li><li>Органический трафик<\/li><li>Поведенческие факторы<\/li><li>Конверсии<\/li><\/ul><h2>Заключение<\/h2><p>Вывести сайт в топ за 6 месяцев возможно, но это требует системного подхода и постоянной работы. Если у вас нет времени или опыта, лучше доверить это профессионалам.<\/p>",
        "image": "\/assets\/img\/blog\/seo-top.jpg",
        "author": "NovaCreator Studio",
        "views": 1
    },
    {
        "id": 2,
        "title": "10 ошибок в Google Ads, которые стоят вам денег",
        "slug": "10-oshibok-v-google-ads-kotorye-stoyat-vam-deneg",
        "category": "Google Ads",
        "date": "2025-11-10",
        "excerpt": "Частые ошибки при настройке рекламных кампаний и как их избежать. Учимся оптимизировать бюджет и повышать конверсию рекламы.",
        "content": "<h2>Введение<\/h2><p>Google Ads — мощный инструмент для привлечения клиентов, но неправильная настройка может привести к пустой трате бюджета. В этой статье мы разберем 10 самых частых ошибок и способы их избежать.<\/p><h2>Ошибка 1: Неправильный выбор типа кампании<\/h2><p>Многие начинающие рекламодатели выбирают не тот тип кампании. Для интернет-магазинов лучше использовать Shopping кампании, а для услуг — поисковые.<\/p><h2>Ошибка 2: Игнорирование минус-слов<\/h2><p>Минус-слова помогают исключить нерелевантные запросы и сэкономить бюджет. Обязательно добавляйте их в каждую кампанию.<\/p><h2>Ошибка 3: Слишком широкие ключевые слова<\/h2><p>Использование слишком общих ключевых слов приводит к показу рекламы нецелевой аудитории. Используйте более конкретные запросы.<\/p><h2>Ошибка 4: Отсутствие ретаргетинга<\/h2><p>Ретаргетинг позволяет показывать рекламу тем, кто уже посещал ваш сайт. Это значительно повышает конверсию.<\/p><h2>Ошибка 5: Неоптимизированные объявления<\/h2><p>Объявления должны быть релевантными и привлекательными. Используйте призывы к действию и уникальные торговые предложения.<\/p><h2>Ошибка 6: Игнорирование качества объявлений<\/h2><p>Качество объявлений (Quality Score) напрямую влияет на стоимость клика. Работайте над улучшением релевантности.<\/p><h2>Ошибка 7: Отсутствие расширений объявлений<\/h2><p>Расширения объявлений (sitelinks, callouts, structured snippets) увеличивают CTR и улучшают видимость объявлений.<\/p><h2>Ошибка 8: Неправильная настройка ставок<\/h2><p>Автоматические ставки не всегда оптимальны. Используйте ручное управление ставками для лучшего контроля.<\/p><h2>Ошибка 9: Отсутствие A\/B тестирования<\/h2><p>Регулярно тестируйте разные варианты объявлений, чтобы найти наиболее эффективные.<\/p><h2>Ошибка 10: Игнорирование аналитики<\/h2><p>Регулярно анализируйте результаты кампаний и оптимизируйте их на основе данных.<\/p><h2>Заключение<\/h2><p>Избегая этих ошибок, вы сможете значительно повысить эффективность ваших рекламных кампаний и снизить стоимость привлечения клиентов.<\/p>",
        "image": "\/assets\/img\/blog\/google-ads-mistakes.jpg",
        "author": "NovaCreator Studio",
        "views": 1
    },
    {
        "id": 3,
        "title": "Чек-лист SEO-оптимизации сайта при разработке",
        "slug": "chek-list-seo-optimizatsii-saita-pri-razrabotke",
        "category": "Разработка",
        "date": "2025-11-05",
        "excerpt": "Что нужно учесть при создании сайта, чтобы он сразу был готов к продвижению. Технические аспекты, структура, мета-теги и многое другое.",
        "content": "<h2>Введение<\/h2><p>SEO-оптимизацию лучше закладывать еще на этапе разработки сайта. Это сэкономит время и деньги в будущем. В этой статье — полный чек-лист того, что нужно учесть.<\/p><h2>Технические аспекты<\/h2><h3>1. Скорость загрузки<\/h3><ul><li>Оптимизация изображений (WebP формат)<\/li><li>Минификация CSS и JavaScript<\/li><li>Использование CDN<\/li><li>Кеширование<\/li><li>Lazy loading для изображений<\/li><\/ul><h3>2. Мобильная адаптивность<\/h3><ul><li>Responsive дизайн<\/li><li>Touch-friendly элементы<\/li><li>Оптимизация для мобильных устройств<\/li><\/ul><h3>3. Структура сайта<\/h3><ul><li>Логичная иерархия страниц<\/li><li>Чистые URL (человекочитаемые)<\/li><li>Внутренняя перелинковка<\/li><li>Хлебные крошки (breadcrumbs)<\/li><\/ul><h2>Контент и мета-теги<\/h2><h3>4. Мета-теги<\/h3><ul><li>Уникальные title для каждой страницы<\/li><li>Описательные meta description<\/li><li>Open Graph теги<\/li><li>Twitter Cards<\/li><\/ul><h3>5. Заголовки<\/h3><ul><li>Правильная иерархия H1-H6<\/li><li>Один H1 на странице<\/li><li>Ключевые слова в заголовках<\/li><\/ul><h3>6. Контент<\/h3><ul><li>Уникальный контент на каждой странице<\/li><li>Оптимизация под ключевые слова<\/li><li>Использование LSI-ключевых слов<\/li><\/ul><h2>Техническая оптимизация<\/h2><h3>7. Файлы для поисковых систем<\/h3><ul><li>robots.txt<\/li><li>sitemap.xml<\/li><li>Файл .htaccess (для Apache)<\/li><\/ul><h3>8. Структурированные данные<\/h3><ul><li>Schema.org разметка<\/li><li>JSON-LD формат<\/li><li>Разметка для Organization, Article, Product и т.д.<\/li><\/ul><h3>9. Изображения<\/h3><ul><li>Alt-теги для всех изображений<\/li><li>Оптимизированные размеры<\/li><li>Использование WebP формата<\/li><\/ul><h2>Безопасность и доступность<\/h2><h3>10. HTTPS<\/h3><ul><li>SSL сертификат<\/li><li>Редирект с HTTP на HTTPS<\/li><\/ul><h3>11. Доступность<\/h3><ul><li>Семантическая HTML разметка<\/li><li>ARIA атрибуты где необходимо<\/li><li>Контрастность текста<\/li><\/ul><h2>Заключение<\/h2><p>Следуя этому чек-листу при разработке сайта, вы создадите ресурс, который будет готов к продвижению с первого дня. Это значительно ускорит процесс выхода в топ поисковых систем.<\/p>",
        "image": "\/assets\/img\/blog\/seo-checklist.jpg",
        "author": "NovaCreator Studio",
        "views": 0
    },
    {
        "id": 4,
        "title": "Как увеличить конверсию сайта на 200%: практические советы",
        "slug": "kak-uvelichit-konversiyu-saita-na-200-protsentov",
        "category": "Маркетинг",
        "date": "2025-11-01",
        "excerpt": "Реальные методы повышения конверсии: A\/B тестирование, улучшение UX, оптимизация форм и работа с возражениями клиентов.",
        "content": "<h2>Введение<\/h2><p>Увеличение конверсии сайта — это не магия, а результат системной работы над улучшением пользовательского опыта и оптимизацией ключевых элементов. В этой статье — практические советы, которые помогут увеличить конверсию на 200%.<\/p><h2>1. Оптимизация форм обратной связи<\/h2><p>Формы — это ключевой элемент конверсии. Улучшите их:<\/p><ul><li>Уменьшите количество полей (только самое необходимое)<\/li><li>Добавьте прогресс-бар для длинных форм<\/li><li>Используйте умные подсказки и валидацию в реальном времени<\/li><li>Добавьте социальные доказательства рядом с формой<\/li><\/ul><h2>2. Улучшение UX\/UI<\/h2><p>Пользовательский опыт напрямую влияет на конверсию:<\/p><ul><li>Упростите навигацию<\/li><li>Сделайте CTA кнопки более заметными<\/li><li>Улучшите читаемость текста<\/li><li>Оптимизируйте для мобильных устройств<\/li><\/ul><h2>3. A\/B тестирование<\/h2><p>Тестируйте разные варианты:<\/p><ul><li>Заголовки и подзаголовки<\/li><li>Текст CTA кнопок<\/li><li>Цвета и дизайн<\/li><li>Расположение элементов<\/li><\/ul><h2>4. Социальные доказательства<\/h2><p>Добавьте на сайт:<\/p><ul><li>Отзывы клиентов<\/li><li>Кейсы и результаты<\/li><li>Логотипы клиентов<\/li><li>Количество довольных клиентов<\/li><\/ul><h2>5. Работа с возражениями<\/h2><p>Предвосхищайте вопросы клиентов:<\/p><ul><li>FAQ секция<\/li><li>Гарантии и возвраты<\/li><li>Прозрачные цены<\/li><li>Информация о компании<\/li><\/ul><h2>6. Оптимизация скорости загрузки<\/h2><p>Медленный сайт теряет клиентов:<\/p><ul><li>Оптимизируйте изображения<\/li><li>Используйте кеширование<\/li><li>Минифицируйте код<\/li><li>Выберите быстрый хостинг<\/li><\/ul><h2>7. Персонализация<\/h2><p>Персонализированный контент повышает конверсию:<\/p><ul><li>Динамический контент в зависимости от источника трафика<\/li><li>Рекомендации на основе поведения<\/li><li>Персональные предложения<\/li><\/ul><h2>Заключение<\/h2><p>Увеличение конверсии — это постоянный процесс. Регулярно анализируйте данные, тестируйте изменения и оптимизируйте сайт на основе результатов.<\/p>",
        "image": "\/assets\/img\/blog\/conversion.jpg",
        "author": "NovaCreator Studio",
        "views": 0
    },
    {
        "id": 5,
        "title": "Кейс: Как мы увеличили трафик motorland.kz на 400%",
        "slug": "keis-kak-my-uvelichili-trafik-motorland-na-400-protsentov",
        "category": "Кейсы",
        "date": "2025-10-25",
        "excerpt": "Подробный разбор проекта: какие методы использовали, какие результаты получили и какие выводы сделали для будущих проектов.",
        "content": "<h2>О проекте<\/h2><p>Motorland.kz — крупный интернет-магазин автозапчастей в Казахстане. Перед нами стояла задача увеличить органический трафик и улучшить позиции в поисковых системах.<\/p><h2>Исходная ситуация<\/h2><ul><li>Органический трафик: ~5,000 посетителей в месяц<\/li><li>Позиции в топ-10: 15 запросов<\/li><li>Конверсия: 2.1%<\/li><li>Средний чек: 25,000 ₸<\/li><\/ul><h2>Проведенная работа<\/h2><h3>1. Технический аудит и исправление ошибок<\/h3><p>Обнаружили и исправили:<\/p><ul><li>Дубли контента<\/li><li>Ошибки в структурированных данных<\/li><li>Проблемы со скоростью загрузки<\/li><li>Некорректные редиректы<\/li><\/ul><h3>2. Оптимизация контента<\/h3><p>Провели:<\/p><ul><li>Анализ ключевых слов<\/li><li>Оптимизацию существующих страниц<\/li><li>Создание нового контента (статьи, обзоры)<\/li><li>Работу с категориями товаров<\/li><\/ul><h3>3. Ссылочное продвижение<\/h3><p>Получили:<\/p><ul><li>150+ качественных ссылок<\/li><li>Упоминания в отраслевых изданиях<\/li><li>Партнерские публикации<\/li><\/ul><h3>4. Локальное SEO<\/h3><p>Оптимизировали:<\/p><ul><li>Google My Business<\/li><li>Яндекс.Справочник<\/li><li>Локальные каталоги<\/li><\/ul><h2>Результаты через 6 месяцев<\/h2><ul><li>Органический трафик: ~25,000 посетителей в месяц (+400%)<\/li><li>Позиции в топ-10: 127 запросов (+747%)<\/li><li>Конверсия: 3.2% (+52%)<\/li><li>Средний чек: 28,000 ₸ (+12%)<\/li><\/ul><h2>Ключевые факторы успеха<\/h2><ul><li>Системный подход к оптимизации<\/li><li>Регулярный мониторинг и корректировки<\/li><li>Качественный контент<\/li><li>Работа с техническими аспектами<\/li><\/ul><h2>Выводы<\/h2><p>Этот проект показал, что комплексный подход к SEO дает отличные результаты. Важно работать не только над контентом, но и над техническими аспектами сайта.<\/p>",
        "image": "\/assets\/img\/blog\/motorland-case.jpg",
        "author": "NovaCreator Studio",
        "views": 0
    },
    {
        "id": 6,
        "title": "Настройка Google Analytics 4: полное руководство",
        "slug": "nastroyka-google-analytics-4-polnoe-rukovodstvo",
        "category": "Аналитика",
        "date": "2025-10-20",
        "excerpt": "Как правильно настроить GA4 для отслеживания конверсий, событий и поведения пользователей. Практические примеры и настройки.",
        "content": "<h2>Введение<\/h2><p>Google Analytics 4 (GA4) — это новая версия аналитики от Google, которая предлагает более продвинутые возможности для отслеживания пользователей и анализа данных. В этом руководстве мы разберем, как правильно настроить GA4.<\/p><h2>Создание аккаунта и свойства<\/h2><p>Первым делом необходимо создать аккаунт GA4 и настроить свойство для вашего сайта. Это включает:<\/p><ul><li>Регистрацию в Google Analytics<\/li><li>Создание нового свойства GA4<\/li><li>Получение Measurement ID<\/li><\/ul><h2>Установка кода отслеживания<\/h2><p>Добавьте код GA4 на все страницы сайта. Рекомендуется использовать Google Tag Manager для более гибкого управления тегами.<\/p><h2>Настройка событий<\/h2><p>События в GA4 — это ключевой элемент отслеживания. Настройте:<\/p><ul><li>Автоматические события (page_view, scroll, click и т.д.)<\/li><li>Расширенные события (conversions)<\/li><li>Пользовательские события<\/li><\/ul><h2>Настройка конверсий<\/h2><p>Определите, какие действия считать конверсиями:<\/p><ul><li>Отправка формы<\/li><li>Покупка товара<\/li><li>Загрузка файла<\/li><li>Просмотр видео<\/li><\/ul><h2>Настройка аудиторий<\/h2><p>Создайте аудитории для сегментации пользователей:<\/p><ul><li>Новые vs возвращающиеся посетители<\/li><li>Пользователи по источникам трафика<\/li><li>Пользователи по поведению<\/li><\/ul><h2>Настройка отчетов<\/h2><p>Настройте кастомные отчеты для отслеживания важных метрик:<\/p><ul><li>Отчеты по конверсиям<\/li><li>Отчеты по источникам трафика<\/li><li>Отчеты по поведению пользователей<\/li><\/ul><h2>Интеграция с другими инструментами<\/h2><p>Подключите GA4 к:<\/p><ul><li>Google Ads<\/li><li>Google Search Console<\/li><li>BigQuery (для продвинутой аналитики)<\/li><\/ul><h2>Заключение<\/h2><p>Правильная настройка GA4 поможет вам получать ценные данные о поведении пользователей и оптимизировать сайт для лучших результатов.<\/p>",
        "image": "\/assets\/img\/blog\/ga4.jpg",
        "author": "NovaCreator Studio",
        "views": 0
    }
]